"24개 암종별","성별","연령별",2022,2022
"24개 암종별","성별","연령별",5년 유병자수 (명),5년 유병률 (명/10만명)
"간(C22)","계","계",39084,76.2
"간(C22)","계","0-4세",59,4.0
"간(C22)","계","5-9세",18,0.8
"간(C22)","계","10-14세",6,0.3
"간(C22)","계","15-19세",12,0.5
"간(C22)","계","20-24세",14,0.5
"간(C22)","계","25-29세",30,0.9
"간(C22)","계","30-34세",73,2.2
"간(C22)","계","35-39세",279,8.2
"간(C22)","계","40-44세",816,20.5
"간(C22)","계","45-49세",1482,36.3
"간(C22)","계","50-54세",3155,70.2
"간(C22)","계","55-59세",4810,118.7
"간(C22)","계","60-64세",6789,163.9
"간(C22)","계","65-69세",6733,218.1
"간(C22)","계","70-74세",5706,265.6
"간(C22)","계","75-79세",4504,280.8
"간(C22)","계","80-84세",3211,257.3
"간(C22)","계","85세이상",1387,150.3
"간(C22)","남자","계",29319,114.8
"간(C22)","남자","0-4세",41,5.4
"간(C22)","남자","5-9세",3,0.3
"간(C22)","남자","10-14세",3,0.2
"간(C22)","남자","15-19세",4,0.3
"간(C22)","남자","20-24세",13,0.8
"간(C22)","남자","25-29세",16,0.9
"간(C22)","남자","30-34세",45,2.6
"간(C22)","남자","35-39세",173,10.0
"간(C22)","남자","40-44세",614,30.3
"간(C22)","남자","45-49세",1170,56.7
"간(C22)","남자","50-54세",2589,114.2
"간(C22)","남자","55-59세",3934,192.0
"간(C22)","남자","60-64세",5459,266.3
"간(C22)","남자","65-69세",5167,345.8
"간(C22)","남자","70-74세",4170,414.4
"간(C22)","남자","75-79세",3100,442.7
"간(C22)","남자","80-84세",2021,422.3
"간(C22)","남자","85세이상",797,303.4
"간(C22)","여자","계",9765,38.0
"간(C22)","여자","0-4세",18,2.5
"간(C22)","여자","5-9세",15,1.4
"간(C22)","여자","10-14세",3,0.3
"간(C22)","여자","15-19세",8,0.7
"간(C22)","여자","20-24세",1,0.1
"간(C22)","여자","25-29세",14,0.8
"간(C22)","여자","30-34세",28,1.8
"간(C22)","여자","35-39세",106,6.4
"간(C22)","여자","40-44세",202,10.3
"간(C22)","여자","45-49세",312,15.5
"간(C22)","여자","50-54세",566,25.4
"간(C22)","여자","55-59세",876,43.7
"간(C22)","여자","60-64세",1330,63.5
"간(C22)","여자","65-69세",1566,98.3
"간(C22)","여자","70-74세",1536,134.5
"간(C22)","여자","75-79세",1404,155.3
"간(C22)","여자","80-84세",1190,154.7
"간(C22)","여자","85세이상",590,89.4
"갑상선(C73)","계","계",157446,307.2
"갑상선(C73)","계","0-4세",0,-
"갑상선(C73)","계","5-9세",5,0.2
"갑상선(C73)","계","10-14세",63,2.7
"갑상선(C73)","계","15-19세",397,17.0
"갑상선(C73)","계","20-24세",2008,66.4
"갑상선(C73)","계","25-29세",6420,183.8
"갑상선(C73)","계","30-34세",12044,370.4
"갑상선(C73)","계","35-39세",15591,460.7
"갑상선(C73)","계","40-44세",22383,562.1
"갑상선(C73)","계","45-49세",20561,504.1
"갑상선(C73)","계","50-54세",21213,471.9
"갑상선(C73)","계","55-59세",18142,447.6
"갑상선(C73)","계","60-64세",17115,413.1
"갑상선(C73)","계","65-69세",10455,338.6
"갑상선(C73)","계","70-74세",5715,266.0
"갑상선(C73)","계","75-79세",3217,200.5
"갑상선(C73)","계","80-84세",1580,126.6
"갑상선(C73)","계","85세이상",537,58.2
"갑상선(C73)","남자","계",38775,151.8
"갑상선(C73)","남자","0-4세",0,-
"갑상선(C73)","남자","5-9세",0,-
"갑상선(C73)","남자","10-14세",21,1.7
"갑상선(C73)","남자","15-19세",92,7.6
"갑상선(C73)","남자","20-24세",383,24.3
"갑상선(C73)","남자","25-29세",1410,76.5
"갑상선(C73)","남자","30-34세",3174,186.9
"갑상선(C73)","남자","35-39세",4450,256.7
"갑상선(C73)","남자","40-44세",6037,297.9
"갑상선(C73)","남자","45-49세",5058,244.9
"갑상선(C73)","남자","50-54세",4875,215.1
"갑상선(C73)","남자","55-59세",4118,200.9
"갑상선(C73)","남자","60-64세",3999,195.1
"갑상선(C73)","남자","65-69세",2603,174.2
"갑상선(C73)","남자","70-74세",1319,131.1
"갑상선(C73)","남자","75-79세",772,110.2
"갑상선(C73)","남자","80-84세",351,73.3
"갑상선(C73)","남자","85세이상",113,43.0
"갑상선(C73)","여자","계",118671,461.4
"갑상선(C73)","여자","0-4세",0,-
"갑상선(C73)","여자","5-9세",5,0.5
"갑상선(C73)","여자","10-14세",42,3.7
"갑상선(C73)","여자","15-19세",305,27.0
"갑상선(C73)","여자","20-24세",1625,112.1
"갑상선(C73)","여자","25-29세",5010,303.4
"갑상선(C73)","여자","30-34세",8870,571.0
"갑상선(C73)","여자","35-39세",11141,675.2
"갑상선(C73)","여자","40-44세",16346,835.7
"갑상선(C73)","여자","45-49세",15503,770.0
"갑상선(C73)","여자","50-54세",16338,733.1
"갑상선(C73)","여자","55-59세",14024,699.8
"갑상선(C73)","여자","60-64세",13116,626.6
"갑상선(C73)","여자","65-69세",7852,492.9
"갑상선(C73)","여자","70-74세",4396,385.0
"갑상선(C73)","여자","75-79세",2445,270.5
"갑상선(C73)","여자","80-84세",1229,159.8
"갑상선(C73)","여자","85세이상",424,64.2
"고환(C62)","계","계",1666,3.3
"고환(C62)","계","0-4세",21,1.4
"고환(C62)","계","5-9세",15,0.7
"고환(C62)","계","10-14세",6,0.3
"고환(C62)","계","15-19세",18,0.8
"고환(C62)","계","20-24세",95,3.1
"고환(C62)","계","25-29세",265,7.6
"고환(C62)","계","30-34세",385,11.8
"고환(C62)","계","35-39세",266,7.9
"고환(C62)","계","40-44세",235,5.9
"고환(C62)","계","45-49세",127,3.1
"고환(C62)","계","50-54세",80,1.8
"고환(C62)","계","55-59세",39,1.0
"고환(C62)","계","60-64세",40,1.0
"고환(C62)","계","65-69세",31,1.0
"고환(C62)","계","70-74세",19,0.9
"고환(C62)","계","75-79세",8,0.5
"고환(C62)","계","80-84세",11,0.9
"고환(C62)","계","85세이상",5,0.5
"고환(C62)","남자","계",1666,6.5
"고환(C62)","남자","0-4세",21,2.8
"고환(C62)","남자","5-9세",15,1.4
"고환(C62)","남자","10-14세",6,0.5
"고환(C62)","남자","15-19세",18,1.5
"고환(C62)","남자","20-24세",95,6.0
"고환(C62)","남자","25-29세",265,14.4
"고환(C62)","남자","30-34세",385,22.7
"고환(C62)","남자","35-39세",266,15.3
"고환(C62)","남자","40-44세",235,11.6
"고환(C62)","남자","45-49세",127,6.1
"고환(C62)","남자","50-54세",80,3.5
"고환(C62)","남자","55-59세",39,1.9
"고환(C62)","남자","60-64세",40,2.0
"고환(C62)","남자","65-69세",31,2.1
"고환(C62)","남자","70-74세",19,1.9
"고환(C62)","남자","75-79세",8,1.1
"고환(C62)","남자","80-84세",11,2.3
"고환(C62)","남자","85세이상",5,1.9
"고환(C62)","여자","계",0,-
"고환(C62)","여자","0-4세",0,-
"고환(C62)","여자","5-9세",0,-
"고환(C62)","여자","10-14세",0,-
"고환(C62)","여자","15-19세",0,-
"고환(C62)","여자","20-24세",0,-
"고환(C62)","여자","25-29세",0,-
"고환(C62)","여자","30-34세",0,-
"고환(C62)","여자","35-39세",0,-
"고환(C62)","여자","40-44세",0,-
"고환(C62)","여자","45-49세",0,-
"고환(C62)","여자","50-54세",0,-
"고환(C62)","여자","55-59세",0,-
"고환(C62)","여자","60-64세",0,-
"고환(C62)","여자","65-69세",0,-
"고환(C62)","여자","70-74세",0,-
"고환(C62)","여자","75-79세",0,-
"고환(C62)","여자","80-84세",0,-
"고환(C62)","여자","85세이상",0,-
"기타 암(Re. C00-C96)","계","계",86327,168.4
"기타 암(Re. C00-C96)","계","0-4세",359,24.3
"기타 암(Re. C00-C96)","계","5-9세",288,13.3
"기타 암(Re. C00-C96)","계","10-14세",298,12.6
"기타 암(Re. C00-C96)","계","15-19세",404,17.3
"기타 암(Re. C00-C96)","계","20-24세",638,21.1
"기타 암(Re. C00-C96)","계","25-29세",858,24.6
"기타 암(Re. C00-C96)","계","30-34세",1223,37.6
"기타 암(Re. C00-C96)","계","35-39세",1736,51.3
"기타 암(Re. C00-C96)","계","40-44세",3041,76.4
"기타 암(Re. C00-C96)","계","45-49세",4069,99.8
"기타 암(Re. C00-C96)","계","50-54세",5931,131.9
"기타 암(Re. C00-C96)","계","55-59세",7237,178.5
"기타 암(Re. C00-C96)","계","60-64세",10494,253.3
"기타 암(Re. C00-C96)","계","65-69세",10691,346.3
"기타 암(Re. C00-C96)","계","70-74세",10222,475.8
"기타 암(Re. C00-C96)","계","75-79세",9952,620.3
"기타 암(Re. C00-C96)","계","80-84세",9947,797.2
"기타 암(Re. C00-C96)","계","85세이상",8939,968.8
"기타 암(Re. C00-C96)","남자","계",42223,165.3
"기타 암(Re. C00-C96)","남자","0-4세",176,23.2
"기타 암(Re. C00-C96)","남자","5-9세",159,14.3
"기타 암(Re. C00-C96)","남자","10-14세",170,14.0
"기타 암(Re. C00-C96)","남자","15-19세",250,20.6
"기타 암(Re. C00-C96)","남자","20-24세",399,25.3
"기타 암(Re. C00-C96)","남자","25-29세",424,23.0
"기타 암(Re. C00-C96)","남자","30-34세",612,36.0
"기타 암(Re. C00-C96)","남자","35-39세",867,50.0
"기타 암(Re. C00-C96)","남자","40-44세",1543,76.2
"기타 암(Re. C00-C96)","남자","45-49세",2040,98.8
"기타 암(Re. C00-C96)","남자","50-54세",2909,128.3
"기타 암(Re. C00-C96)","남자","55-59세",3741,182.5
"기타 암(Re. C00-C96)","남자","60-64세",5563,271.4
"기타 암(Re. C00-C96)","남자","65-69세",5744,384.4
"기타 암(Re. C00-C96)","남자","70-74세",5474,543.9
"기타 암(Re. C00-C96)","남자","75-79세",5069,723.9
"기타 암(Re. C00-C96)","남자","80-84세",4316,901.9
"기타 암(Re. C00-C96)","남자","85세이상",2767,1053.4
"기타 암(Re. C00-C96)","여자","계",44104,171.5
"기타 암(Re. C00-C96)","여자","0-4세",183,25.4
"기타 암(Re. C00-C96)","여자","5-9세",129,12.2
"기타 암(Re. C00-C96)","여자","10-14세",128,11.2
"기타 암(Re. C00-C96)","여자","15-19세",154,13.6
"기타 암(Re. C00-C96)","여자","20-24세",239,16.5
"기타 암(Re. C00-C96)","여자","25-29세",434,26.3
"기타 암(Re. C00-C96)","여자","30-34세",611,39.3
"기타 암(Re. C00-C96)","여자","35-39세",869,52.7
"기타 암(Re. C00-C96)","여자","40-44세",1498,76.6
"기타 암(Re. C00-C96)","여자","45-49세",2029,100.8
"기타 암(Re. C00-C96)","여자","50-54세",3022,135.6
"기타 암(Re. C00-C96)","여자","55-59세",3496,174.5
"기타 암(Re. C00-C96)","여자","60-64세",4931,235.6
"기타 암(Re. C00-C96)","여자","65-69세",4947,310.5
"기타 암(Re. C00-C96)","여자","70-74세",4748,415.8
"기타 암(Re. C00-C96)","여자","75-79세",4883,540.2
"기타 암(Re. C00-C96)","여자","80-84세",5631,732.0
"기타 암(Re. C00-C96)","여자","85세이상",6172,935.1
"난소(C56)","계","계",12121,23.6
"난소(C56)","계","0-4세",1,0.1
"난소(C56)","계","5-9세",16,0.7
"난소(C56)","계","10-14세",45,1.9
"난소(C56)","계","15-19세",97,4.1
"난소(C56)","계","20-24세",203,6.7
"난소(C56)","계","25-29세",276,7.9
"난소(C56)","계","30-34세",354,10.9
"난소(C56)","계","35-39세",429,12.7
"난소(C56)","계","40-44세",802,20.1
"난소(C56)","계","45-49세",1283,31.5
"난소(C56)","계","50-54세",1965,43.7
"난소(C56)","계","55-59세",1826,45.0
"난소(C56)","계","60-64세",1719,41.5
"난소(C56)","계","65-69세",1161,37.6
"난소(C56)","계","70-74세",852,39.7
"난소(C56)","계","75-79세",557,34.7
"난소(C56)","계","80-84세",357,28.6
"난소(C56)","계","85세이상",178,19.3
"난소(C56)","남자","계",0,-
"난소(C56)","남자","0-4세",0,-
"난소(C56)","남자","5-9세",0,-
"난소(C56)","남자","10-14세",0,-
"난소(C56)","남자","15-19세",0,-
"난소(C56)","남자","20-24세",0,-
"난소(C56)","남자","25-29세",0,-
"난소(C56)","남자","30-34세",0,-
"난소(C56)","남자","35-39세",0,-
"난소(C56)","남자","40-44세",0,-
"난소(C56)","남자","45-49세",0,-
"난소(C56)","남자","50-54세",0,-
"난소(C56)","남자","55-59세",0,-
"난소(C56)","남자","60-64세",0,-
"난소(C56)","남자","65-69세",0,-
"난소(C56)","남자","70-74세",0,-
"난소(C56)","남자","75-79세",0,-
"난소(C56)","남자","80-84세",0,-
"난소(C56)","남자","85세이상",0,-
"난소(C56)","여자","계",12121,47.1
"난소(C56)","여자","0-4세",1,0.1
"난소(C56)","여자","5-9세",16,1.5
"난소(C56)","여자","10-14세",45,3.9
"난소(C56)","여자","15-19세",97,8.6
"난소(C56)","여자","20-24세",203,14.0
"난소(C56)","여자","25-29세",276,16.7
"난소(C56)","여자","30-34세",354,22.8
"난소(C56)","여자","35-39세",429,26.0
"난소(C56)","여자","40-44세",802,41.0
"난소(C56)","여자","45-49세",1283,63.7
"난소(C56)","여자","50-54세",1965,88.2
"난소(C56)","여자","55-59세",1826,91.1
"난소(C56)","여자","60-64세",1719,82.1
"난소(C56)","여자","65-69세",1161,72.9
"난소(C56)","여자","70-74세",852,74.6
"난소(C56)","여자","75-79세",557,61.6
"난소(C56)","여자","80-84세",357,46.4
"난소(C56)","여자","85세이상",178,27.0
"뇌 및 중추신경계(C70-C72)","계","계",5658,11.0
"뇌 및 중추신경계(C70-C72)","계","0-4세",76,5.1
"뇌 및 중추신경계(C70-C72)","계","5-9세",181,8.4
"뇌 및 중추신경계(C70-C72)","계","10-14세",158,6.7
"뇌 및 중추신경계(C70-C72)","계","15-19세",178,7.6
"뇌 및 중추신경계(C70-C72)","계","20-24세",186,6.2
"뇌 및 중추신경계(C70-C72)","계","25-29세",206,5.9
"뇌 및 중추신경계(C70-C72)","계","30-34세",260,8.0
"뇌 및 중추신경계(C70-C72)","계","35-39세",315,9.3
"뇌 및 중추신경계(C70-C72)","계","40-44세",391,9.8
"뇌 및 중추신경계(C70-C72)","계","45-49세",426,10.4
"뇌 및 중추신경계(C70-C72)","계","50-54세",490,10.9
"뇌 및 중추신경계(C70-C72)","계","55-59세",541,13.3
"뇌 및 중추신경계(C70-C72)","계","60-64세",618,14.9
"뇌 및 중추신경계(C70-C72)","계","65-69세",560,18.1
"뇌 및 중추신경계(C70-C72)","계","70-74세",383,17.8
"뇌 및 중추신경계(C70-C72)","계","75-79세",325,20.3
"뇌 및 중추신경계(C70-C72)","계","80-84세",239,19.2
"뇌 및 중추신경계(C70-C72)","계","85세이상",125,13.5
"뇌 및 중추신경계(C70-C72)","남자","계",2944,11.5
"뇌 및 중추신경계(C70-C72)","남자","0-4세",49,6.5
"뇌 및 중추신경계(C70-C72)","남자","5-9세",88,7.9
"뇌 및 중추신경계(C70-C72)","남자","10-14세",90,7.4
"뇌 및 중추신경계(C70-C72)","남자","15-19세",106,8.8
"뇌 및 중추신경계(C70-C72)","남자","20-24세",103,6.5
"뇌 및 중추신경계(C70-C72)","남자","25-29세",119,6.5
"뇌 및 중추신경계(C70-C72)","남자","30-34세",140,8.2
"뇌 및 중추신경계(C70-C72)","남자","35-39세",178,10.3
"뇌 및 중추신경계(C70-C72)","남자","40-44세",231,11.4
"뇌 및 중추신경계(C70-C72)","남자","45-49세",231,11.2
"뇌 및 중추신경계(C70-C72)","남자","50-54세",252,11.1
"뇌 및 중추신경계(C70-C72)","남자","55-59세",290,14.1
"뇌 및 중추신경계(C70-C72)","남자","60-64세",325,15.9
"뇌 및 중추신경계(C70-C72)","남자","65-69세",274,18.3
"뇌 및 중추신경계(C70-C72)","남자","70-74세",179,17.8
"뇌 및 중추신경계(C70-C72)","남자","75-79세",165,23.6
"뇌 및 중추신경계(C70-C72)","남자","80-84세",85,17.8
"뇌 및 중추신경계(C70-C72)","남자","85세이상",39,14.8
"뇌 및 중추신경계(C70-C72)","여자","계",2714,10.6
"뇌 및 중추신경계(C70-C72)","여자","0-4세",27,3.7
"뇌 및 중추신경계(C70-C72)","여자","5-9세",93,8.8
"뇌 및 중추신경계(C70-C72)","여자","10-14세",68,5.9
"뇌 및 중추신경계(C70-C72)","여자","15-19세",72,6.4
"뇌 및 중추신경계(C70-C72)","여자","20-24세",83,5.7
"뇌 및 중추신경계(C70-C72)","여자","25-29세",87,5.3
"뇌 및 중추신경계(C70-C72)","여자","30-34세",120,7.7
"뇌 및 중추신경계(C70-C72)","여자","35-39세",137,8.3
"뇌 및 중추신경계(C70-C72)","여자","40-44세",160,8.2
"뇌 및 중추신경계(C70-C72)","여자","45-49세",195,9.7
"뇌 및 중추신경계(C70-C72)","여자","50-54세",238,10.7
"뇌 및 중추신경계(C70-C72)","여자","55-59세",251,12.5
"뇌 및 중추신경계(C70-C72)","여자","60-64세",293,14.0
"뇌 및 중추신경계(C70-C72)","여자","65-69세",286,18.0
"뇌 및 중추신경계(C70-C72)","여자","70-74세",204,17.9
"뇌 및 중추신경계(C70-C72)","여자","75-79세",160,17.7
"뇌 및 중추신경계(C70-C72)","여자","80-84세",154,20.0
"뇌 및 중추신경계(C70-C72)","여자","85세이상",86,13.0
"다발성 골수종(C90)","계","계",6065,11.8
"다발성 골수종(C90)","계","0-4세",0,-
"다발성 골수종(C90)","계","5-9세",0,-
"다발성 골수종(C90)","계","10-14세",1,0.0
"다발성 골수종(C90)","계","15-19세",1,0.0
"다발성 골수종(C90)","계","20-24세",3,0.1
"다발성 골수종(C90)","계","25-29세",4,0.1
"다발성 골수종(C90)","계","30-34세",9,0.3
"다발성 골수종(C90)","계","35-39세",22,0.7
"다발성 골수종(C90)","계","40-44세",89,2.2
"다발성 골수종(C90)","계","45-49세",162,4.0
"다발성 골수종(C90)","계","50-54세",352,7.8
"다발성 골수종(C90)","계","55-59세",576,14.2
"다발성 골수종(C90)","계","60-64세",924,22.3
"다발성 골수종(C90)","계","65-69세",1114,36.1
"다발성 골수종(C90)","계","70-74세",1091,50.8
"다발성 골수종(C90)","계","75-79세",843,52.5
"다발성 골수종(C90)","계","80-84세",614,49.2
"다발성 골수종(C90)","계","85세이상",260,28.2
"다발성 골수종(C90)","남자","계",3287,12.9
"다발성 골수종(C90)","남자","0-4세",0,-
"다발성 골수종(C90)","남자","5-9세",0,-
"다발성 골수종(C90)","남자","10-14세",0,-
"다발성 골수종(C90)","남자","15-19세",1,0.1
"다발성 골수종(C90)","남자","20-24세",2,0.1
"다발성 골수종(C90)","남자","25-29세",1,0.1
"다발성 골수종(C90)","남자","30-34세",8,0.5
"다발성 골수종(C90)","남자","35-39세",14,0.8
"다발성 골수종(C90)","남자","40-44세",57,2.8
"다발성 골수종(C90)","남자","45-49세",92,4.5
"다발성 골수종(C90)","남자","50-54세",195,8.6
"다발성 골수종(C90)","남자","55-59세",316,15.4
"다발성 골수종(C90)","남자","60-64세",515,25.1
"다발성 골수종(C90)","남자","65-69세",655,43.8
"다발성 골수종(C90)","남자","70-74세",586,58.2
"다발성 골수종(C90)","남자","75-79세",430,61.4
"다발성 골수종(C90)","남자","80-84세",296,61.9
"다발성 골수종(C90)","남자","85세이상",119,45.3
"다발성 골수종(C90)","여자","계",2778,10.8
"다발성 골수종(C90)","여자","0-4세",0,-
"다발성 골수종(C90)","여자","5-9세",0,-
"다발성 골수종(C90)","여자","10-14세",1,0.1
"다발성 골수종(C90)","여자","15-19세",0,-
"다발성 골수종(C90)","여자","20-24세",1,0.1
"다발성 골수종(C90)","여자","25-29세",3,0.2
"다발성 골수종(C90)","여자","30-34세",1,0.1
"다발성 골수종(C90)","여자","35-39세",8,0.5
"다발성 골수종(C90)","여자","40-44세",32,1.6
"다발성 골수종(C90)","여자","45-49세",70,3.5
"다발성 골수종(C90)","여자","50-54세",157,7.0
"다발성 골수종(C90)","여자","55-59세",260,13.0
"다발성 골수종(C90)","여자","60-64세",409,19.5
"다발성 골수종(C90)","여자","65-69세",459,28.8
"다발성 골수종(C90)","여자","70-74세",505,44.2
"다발성 골수종(C90)","여자","75-79세",413,45.7
"다발성 골수종(C90)","여자","80-84세",318,41.3
"다발성 골수종(C90)","여자","85세이상",141,21.4
"담낭 및 기타 담도(C23-C24)","계","계",16282,31.8
"담낭 및 기타 담도(C23-C24)","계","0-4세",0,-
"담낭 및 기타 담도(C23-C24)","계","5-9세",0,-
"담낭 및 기타 담도(C23-C24)","계","10-14세",1,0.0
"담낭 및 기타 담도(C23-C24)","계","15-19세",0,-
"담낭 및 기타 담도(C23-C24)","계","20-24세",0,-
"담낭 및 기타 담도(C23-C24)","계","25-29세",3,0.1
"담낭 및 기타 담도(C23-C24)","계","30-34세",13,0.4
"담낭 및 기타 담도(C23-C24)","계","35-39세",49,1.4
"담낭 및 기타 담도(C23-C24)","계","40-44세",116,2.9
"담낭 및 기타 담도(C23-C24)","계","45-49세",240,5.9
"담낭 및 기타 담도(C23-C24)","계","50-54세",592,13.2
"담낭 및 기타 담도(C23-C24)","계","55-59세",954,23.5
"담낭 및 기타 담도(C23-C24)","계","60-64세",2064,49.8
"담낭 및 기타 담도(C23-C24)","계","65-69세",2802,90.8
"담낭 및 기타 담도(C23-C24)","계","70-74세",3052,142.1
"담낭 및 기타 담도(C23-C24)","계","75-79세",2714,169.2
"담낭 및 기타 담도(C23-C24)","계","80-84세",2326,186.4
"담낭 및 기타 담도(C23-C24)","계","85세이상",1356,147.0
"담낭 및 기타 담도(C23-C24)","남자","계",9014,35.3
"담낭 및 기타 담도(C23-C24)","남자","0-4세",0,-
"담낭 및 기타 담도(C23-C24)","남자","5-9세",0,-
"담낭 및 기타 담도(C23-C24)","남자","10-14세",1,0.1
"담낭 및 기타 담도(C23-C24)","남자","15-19세",0,-
"담낭 및 기타 담도(C23-C24)","남자","20-24세",0,-
"담낭 및 기타 담도(C23-C24)","남자","25-29세",2,0.1
"담낭 및 기타 담도(C23-C24)","남자","30-34세",5,0.3
"담낭 및 기타 담도(C23-C24)","남자","35-39세",29,1.7
"담낭 및 기타 담도(C23-C24)","남자","40-44세",59,2.9
"담낭 및 기타 담도(C23-C24)","남자","45-49세",120,5.8
"담낭 및 기타 담도(C23-C24)","남자","50-54세",316,13.9
"담낭 및 기타 담도(C23-C24)","남자","55-59세",562,27.4
"담낭 및 기타 담도(C23-C24)","남자","60-64세",1267,61.8
"담낭 및 기타 담도(C23-C24)","남자","65-69세",1692,113.2
"담낭 및 기타 담도(C23-C24)","남자","70-74세",1805,179.4
"담낭 및 기타 담도(C23-C24)","남자","75-79세",1476,210.8
"담낭 및 기타 담도(C23-C24)","남자","80-84세",1158,242.0
"담낭 및 기타 담도(C23-C24)","남자","85세이상",522,198.7
"담낭 및 기타 담도(C23-C24)","여자","계",7268,28.3
"담낭 및 기타 담도(C23-C24)","여자","0-4세",0,-
"담낭 및 기타 담도(C23-C24)","여자","5-9세",0,-
"담낭 및 기타 담도(C23-C24)","여자","10-14세",0,-
"담낭 및 기타 담도(C23-C24)","여자","15-19세",0,-
"담낭 및 기타 담도(C23-C24)","여자","20-24세",0,-
"담낭 및 기타 담도(C23-C24)","여자","25-29세",1,0.1
"담낭 및 기타 담도(C23-C24)","여자","30-34세",8,0.5
"담낭 및 기타 담도(C23-C24)","여자","35-39세",20,1.2
"담낭 및 기타 담도(C23-C24)","여자","40-44세",57,2.9
"담낭 및 기타 담도(C23-C24)","여자","45-49세",120,6.0
"담낭 및 기타 담도(C23-C24)","여자","50-54세",276,12.4
"담낭 및 기타 담도(C23-C24)","여자","55-59세",392,19.6
"담낭 및 기타 담도(C23-C24)","여자","60-64세",797,38.1
"담낭 및 기타 담도(C23-C24)","여자","65-69세",1110,69.7
"담낭 및 기타 담도(C23-C24)","여자","70-74세",1247,109.2
"담낭 및 기타 담도(C23-C24)","여자","75-79세",1238,136.9
"담낭 및 기타 담도(C23-C24)","여자","80-84세",1168,151.8
"담낭 및 기타 담도(C23-C24)","여자","85세이상",834,126.4
"대장(C18-C20)","계","계",119682,233.5
"대장(C18-C20)","계","0-4세",0,-
"대장(C18-C20)","계","5-9세",0,-
"대장(C18-C20)","계","10-14세",10,0.4
"대장(C18-C20)","계","15-19세",22,0.9
"대장(C18-C20)","계","20-24세",142,4.7
"대장(C18-C20)","계","25-29세",522,14.9
"대장(C18-C20)","계","30-34세",1361,41.9
"대장(C18-C20)","계","35-39세",2372,70.1
"대장(C18-C20)","계","40-44세",4723,118.6
"대장(C18-C20)","계","45-49세",5654,138.6
"대장(C18-C20)","계","50-54세",10522,234.1
"대장(C18-C20)","계","55-59세",12591,310.6
"대장(C18-C20)","계","60-64세",17535,423.2
"대장(C18-C20)","계","65-69세",17401,563.6
"대장(C18-C20)","계","70-74세",14822,689.9
"대장(C18-C20)","계","75-79세",13208,823.3
"대장(C18-C20)","계","80-84세",11435,916.4
"대장(C18-C20)","계","85세이상",7362,797.9
"대장(C18-C20)","남자","계",71337,279.3
"대장(C18-C20)","남자","0-4세",0,-
"대장(C18-C20)","남자","5-9세",0,-
"대장(C18-C20)","남자","10-14세",4,0.3
"대장(C18-C20)","남자","15-19세",13,1.1
"대장(C18-C20)","남자","20-24세",94,6.0
"대장(C18-C20)","남자","25-29세",304,16.5
"대장(C18-C20)","남자","30-34세",814,47.9
"대장(C18-C20)","남자","35-39세",1421,82.0
"대장(C18-C20)","남자","40-44세",2663,131.4
"대장(C18-C20)","남자","45-49세",3116,150.9
"대장(C18-C20)","남자","50-54세",6001,264.8
"대장(C18-C20)","남자","55-59세",7761,378.7
"대장(C18-C20)","남자","60-64세",11497,560.8
"대장(C18-C20)","남자","65-69세",11608,776.8
"대장(C18-C20)","남자","70-74세",9480,942.0
"대장(C18-C20)","남자","75-79세",7656,1093.3
"대장(C18-C20)","남자","80-84세",5866,1225.8
"대장(C18-C20)","남자","85세이상",3039,1156.9
"대장(C18-C20)","여자","계",48345,188.0
"대장(C18-C20)","여자","0-4세",0,-
"대장(C18-C20)","여자","5-9세",0,-
"대장(C18-C20)","여자","10-14세",6,0.5
"대장(C18-C20)","여자","15-19세",9,0.8
"대장(C18-C20)","여자","20-24세",48,3.3
"대장(C18-C20)","여자","25-29세",218,13.2
"대장(C18-C20)","여자","30-34세",547,35.2
"대장(C18-C20)","여자","35-39세",951,57.6
"대장(C18-C20)","여자","40-44세",2060,105.3
"대장(C18-C20)","여자","45-49세",2538,126.1
"대장(C18-C20)","여자","50-54세",4521,202.9
"대장(C18-C20)","여자","55-59세",4830,241.0
"대장(C18-C20)","여자","60-64세",6038,288.4
"대장(C18-C20)","여자","65-69세",5793,363.6
"대장(C18-C20)","여자","70-74세",5342,467.8
"대장(C18-C20)","여자","75-79세",5552,614.2
"대장(C18-C20)","여자","80-84세",5569,724.0
"대장(C18-C20)","여자","85세이상",4323,655.0
"모든 암(C00-C96)","계","계",1001066,1953.0
"모든 암(C00-C96)","계","0-4세",817,55.3
"모든 암(C00-C96)","계","5-9세",1327,61.3
"모든 암(C00-C96)","계","10-14세",1264,53.6
"모든 암(C00-C96)","계","15-19세",1952,83.4
"모든 암(C00-C96)","계","20-24세",4480,148.2
"모든 암(C00-C96)","계","25-29세",11145,319.1
"모든 암(C00-C96)","계","30-34세",20851,641.2
"모든 암(C00-C96)","계","35-39세",31355,926.6
"모든 암(C00-C96)","계","40-44세",56384,1415.9
"모든 암(C00-C96)","계","45-49세",70601,1731.1
"모든 암(C00-C96)","계","50-54세",95375,2121.7
"모든 암(C00-C96)","계","55-59세",102272,2523.1
"모든 암(C00-C96)","계","60-64세",137284,3313.3
"모든 암(C00-C96)","계","65-69세",133413,4321.1
"모든 암(C00-C96)","계","70-74세",117308,5460.5
"모든 암(C00-C96)","계","75-79세",98011,6109.4
"모든 암(C00-C96)","계","80-84세",75640,6061.8
"모든 암(C00-C96)","계","85세이상",41587,4507.1
"모든 암(C00-C96)","남자","계",488618,1913.1
"모든 암(C00-C96)","남자","0-4세",432,57.0
"모든 암(C00-C96)","남자","5-9세",765,68.9
"모든 암(C00-C96)","남자","10-14세",671,55.3
"모든 암(C00-C96)","남자","15-19세",980,80.9
"모든 암(C00-C96)","남자","20-24세",1689,107.3
"모든 암(C00-C96)","남자","25-29세",3517,190.9
"모든 암(C00-C96)","남자","30-34세",6560,386.2
"모든 암(C00-C96)","남자","35-39세",9619,554.8
"모든 암(C00-C96)","남자","40-44세",16505,814.6
"모든 암(C00-C96)","남자","45-49세",19661,952.1
"모든 암(C00-C96)","남자","50-54세",31518,1390.6
"모든 암(C00-C96)","남자","55-59세",43760,2135.2
"모든 암(C00-C96)","남자","60-64세",70682,3447.7
"모든 암(C00-C96)","남자","65-69세",78981,5285.2
"모든 암(C00-C96)","남자","70-74세",74423,7395.2
"모든 암(C00-C96)","남자","75-79세",62536,8930.3
"모든 암(C00-C96)","남자","80-84세",45405,9487.8
"모든 암(C00-C96)","남자","85세이상",20914,7961.9
"모든 암(C00-C96)","여자","계",512448,1992.5
"모든 암(C00-C96)","여자","0-4세",385,53.4
"모든 암(C00-C96)","여자","5-9세",562,53.2
"모든 암(C00-C96)","여자","10-14세",593,51.8
"모든 암(C00-C96)","여자","15-19세",972,86.1
"모든 암(C00-C96)","여자","20-24세",2791,192.6
"모든 암(C00-C96)","여자","25-29세",7628,462.0
"모든 암(C00-C96)","여자","30-34세",14291,920.0
"모든 암(C00-C96)","여자","35-39세",21736,1317.2
"모든 암(C00-C96)","여자","40-44세",39879,2038.7
"모든 암(C00-C96)","여자","45-49세",50940,2530.1
"모든 암(C00-C96)","여자","50-54세",63857,2865.3
"모든 암(C00-C96)","여자","55-59세",58512,2919.9
"모든 암(C00-C96)","여자","60-64세",66602,3181.7
"모든 암(C00-C96)","여자","65-69세",54432,3416.8
"모든 암(C00-C96)","여자","70-74세",42885,3755.4
"모든 암(C00-C96)","여자","75-79세",35475,3924.3
"모든 암(C00-C96)","여자","80-84세",30235,3930.5
"모든 암(C00-C96)","여자","85세이상",20673,3132.2
"방광(C67)","계","계",19376,37.8
"방광(C67)","계","0-4세",0,-
"방광(C67)","계","5-9세",2,0.1
"방광(C67)","계","10-14세",0,-
"방광(C67)","계","15-19세",0,-
"방광(C67)","계","20-24세",8,0.3
"방광(C67)","계","25-29세",18,0.5
"방광(C67)","계","30-34세",40,1.2
"방광(C67)","계","35-39세",69,2.0
"방광(C67)","계","40-44세",160,4.0
"방광(C67)","계","45-49세",370,9.1
"방광(C67)","계","50-54세",716,15.9
"방광(C67)","계","55-59세",1237,30.5
"방광(C67)","계","60-64세",2317,55.9
"방광(C67)","계","65-69세",2986,96.7
"방광(C67)","계","70-74세",3217,149.7
"방광(C67)","계","75-79세",3218,200.6
"방광(C67)","계","80-84세",2936,235.3
"방광(C67)","계","85세이상",2082,225.6
"방광(C67)","남자","계",15875,62.2
"방광(C67)","남자","0-4세",0,-
"방광(C67)","남자","5-9세",1,0.1
"방광(C67)","남자","10-14세",0,-
"방광(C67)","남자","15-19세",0,-
"방광(C67)","남자","20-24세",8,0.5
"방광(C67)","남자","25-29세",13,0.7
"방광(C67)","남자","30-34세",30,1.8
"방광(C67)","남자","35-39세",52,3.0
"방광(C67)","남자","40-44세",119,5.9
"방광(C67)","남자","45-49세",292,14.1
"방광(C67)","남자","50-54세",581,25.6
"방광(C67)","남자","55-59세",1023,49.9
"방광(C67)","남자","60-64세",1948,95.0
"방광(C67)","남자","65-69세",2533,169.5
"방광(C67)","남자","70-74세",2726,270.9
"방광(C67)","남자","75-79세",2669,381.1
"방광(C67)","남자","80-84세",2330,486.9
"방광(C67)","남자","85세이상",1550,590.1
"방광(C67)","여자","계",3501,13.6
"방광(C67)","여자","0-4세",0,-
"방광(C67)","여자","5-9세",1,0.1
"방광(C67)","여자","10-14세",0,-
"방광(C67)","여자","15-19세",0,-
"방광(C67)","여자","20-24세",0,-
"방광(C67)","여자","25-29세",5,0.3
"방광(C67)","여자","30-34세",10,0.6
"방광(C67)","여자","35-39세",17,1.0
"방광(C67)","여자","40-44세",41,2.1
"방광(C67)","여자","45-49세",78,3.9
"방광(C67)","여자","50-54세",135,6.1
"방광(C67)","여자","55-59세",214,10.7
"방광(C67)","여자","60-64세",369,17.6
"방광(C67)","여자","65-69세",453,28.4
"방광(C67)","여자","70-74세",491,43.0
"방광(C67)","여자","75-79세",549,60.7
"방광(C67)","여자","80-84세",606,78.8
"방광(C67)","여자","85세이상",532,80.6
"백혈병(C91-C95)","계","계",11561,22.6
"백혈병(C91-C95)","계","0-4세",202,13.7
"백혈병(C91-C95)","계","5-9세",524,24.2
"백혈병(C91-C95)","계","10-14세",397,16.8
"백혈병(C91-C95)","계","15-19세",386,16.5
"백혈병(C91-C95)","계","20-24세",374,12.4
"백혈병(C91-C95)","계","25-29세",451,12.9
"백혈병(C91-C95)","계","30-34세",494,15.2
"백혈병(C91-C95)","계","35-39세",519,15.3
"백혈병(C91-C95)","계","40-44세",716,18.0
"백혈병(C91-C95)","계","45-49세",776,19.0
"백혈병(C91-C95)","계","50-54세",961,21.4
"백혈병(C91-C95)","계","55-59세",987,24.3
"백혈병(C91-C95)","계","60-64세",1296,31.3
"백혈병(C91-C95)","계","65-69세",1152,37.3
"백혈병(C91-C95)","계","70-74세",871,40.5
"백혈병(C91-C95)","계","75-79세",726,45.3
"백혈병(C91-C95)","계","80-84세",475,38.1
"백혈병(C91-C95)","계","85세이상",254,27.5
"백혈병(C91-C95)","남자","계",6609,25.9
"백혈병(C91-C95)","남자","0-4세",93,12.3
"백혈병(C91-C95)","남자","5-9세",320,28.8
"백혈병(C91-C95)","남자","10-14세",208,17.2
"백혈병(C91-C95)","남자","15-19세",247,20.4
"백혈병(C91-C95)","남자","20-24세",224,14.2
"백혈병(C91-C95)","남자","25-29세",282,15.3
"백혈병(C91-C95)","남자","30-34세",303,17.8
"백혈병(C91-C95)","남자","35-39세",301,17.4
"백혈병(C91-C95)","남자","40-44세",414,20.4
"백혈병(C91-C95)","남자","45-49세",450,21.8
"백혈병(C91-C95)","남자","50-54세",551,24.3
"백혈병(C91-C95)","남자","55-59세",556,27.1
"백혈병(C91-C95)","남자","60-64세",716,34.9
"백혈병(C91-C95)","남자","65-69세",679,45.4
"백혈병(C91-C95)","남자","70-74세",498,49.5
"백혈병(C91-C95)","남자","75-79세",396,56.5
"백혈병(C91-C95)","남자","80-84세",239,49.9
"백혈병(C91-C95)","남자","85세이상",132,50.3
"백혈병(C91-C95)","여자","계",4952,19.3
"백혈병(C91-C95)","여자","0-4세",109,15.1
"백혈병(C91-C95)","여자","5-9세",204,19.3
"백혈병(C91-C95)","여자","10-14세",189,16.5
"백혈병(C91-C95)","여자","15-19세",139,12.3
"백혈병(C91-C95)","여자","20-24세",150,10.3
"백혈병(C91-C95)","여자","25-29세",169,10.2
"백혈병(C91-C95)","여자","30-34세",191,12.3
"백혈병(C91-C95)","여자","35-39세",218,13.2
"백혈병(C91-C95)","여자","40-44세",302,15.4
"백혈병(C91-C95)","여자","45-49세",326,16.2
"백혈병(C91-C95)","여자","50-54세",410,18.4
"백혈병(C91-C95)","여자","55-59세",431,21.5
"백혈병(C91-C95)","여자","60-64세",580,27.7
"백혈병(C91-C95)","여자","65-69세",473,29.7
"백혈병(C91-C95)","여자","70-74세",373,32.7
"백혈병(C91-C95)","여자","75-79세",330,36.5
"백혈병(C91-C95)","여자","80-84세",236,30.7
"백혈병(C91-C95)","여자","85세이상",122,18.5
"비호지킨 림프종(C82-C86,C96)","계","계",19492,38.0
"비호지킨 림프종(C82-C86,C96)","계","0-4세",63,4.3
"비호지킨 림프종(C82-C86,C96)","계","5-9세",195,9.0
"비호지킨 림프종(C82-C86,C96)","계","10-14세",201,8.5
"비호지킨 림프종(C82-C86,C96)","계","15-19세",208,8.9
"비호지킨 림프종(C82-C86,C96)","계","20-24세",260,8.6
"비호지킨 림프종(C82-C86,C96)","계","25-29세",364,10.4
"비호지킨 림프종(C82-C86,C96)","계","30-34세",441,13.6
"비호지킨 림프종(C82-C86,C96)","계","35-39세",620,18.3
"비호지킨 림프종(C82-C86,C96)","계","40-44세",1061,26.6
"비호지킨 림프종(C82-C86,C96)","계","45-49세",1232,30.2
"비호지킨 림프종(C82-C86,C96)","계","50-54세",1687,37.5
"비호지킨 림프종(C82-C86,C96)","계","55-59세",2019,49.8
"비호지킨 림프종(C82-C86,C96)","계","60-64세",2635,63.6
"비호지킨 림프종(C82-C86,C96)","계","65-69세",2555,82.8
"비호지킨 림프종(C82-C86,C96)","계","70-74세",2159,100.5
"비호지킨 림프종(C82-C86,C96)","계","75-79세",1764,110.0
"비호지킨 림프종(C82-C86,C96)","계","80-84세",1334,106.9
"비호지킨 림프종(C82-C86,C96)","계","85세이상",694,75.2
"비호지킨 림프종(C82-C86,C96)","남자","계",11121,43.5
"비호지킨 림프종(C82-C86,C96)","남자","0-4세",30,4.0
"비호지킨 림프종(C82-C86,C96)","남자","5-9세",134,12.1
"비호지킨 림프종(C82-C86,C96)","남자","10-14세",138,11.4
"비호지킨 림프종(C82-C86,C96)","남자","15-19세",143,11.8
"비호지킨 림프종(C82-C86,C96)","남자","20-24세",156,9.9
"비호지킨 림프종(C82-C86,C96)","남자","25-29세",235,12.8
"비호지킨 림프종(C82-C86,C96)","남자","30-34세",251,14.8
"비호지킨 림프종(C82-C86,C96)","남자","35-39세",345,19.9
"비호지킨 림프종(C82-C86,C96)","남자","40-44세",616,30.4
"비호지킨 림프종(C82-C86,C96)","남자","45-49세",706,34.2
"비호지킨 림프종(C82-C86,C96)","남자","50-54세",947,41.8
"비호지킨 림프종(C82-C86,C96)","남자","55-59세",1165,56.8
"비호지킨 림프종(C82-C86,C96)","남자","60-64세",1503,73.3
"비호지킨 림프종(C82-C86,C96)","남자","65-69세",1507,100.8
"비호지킨 림프종(C82-C86,C96)","남자","70-74세",1232,122.4
"비호지킨 림프종(C82-C86,C96)","남자","75-79세",1005,143.5
"비호지킨 림프종(C82-C86,C96)","남자","80-84세",691,144.4
"비호지킨 림프종(C82-C86,C96)","남자","85세이상",317,120.7
"비호지킨 림프종(C82-C86,C96)","여자","계",8371,32.5
"비호지킨 림프종(C82-C86,C96)","여자","0-4세",33,4.6
"비호지킨 림프종(C82-C86,C96)","여자","5-9세",61,5.8
"비호지킨 림프종(C82-C86,C96)","여자","10-14세",63,5.5
"비호지킨 림프종(C82-C86,C96)","여자","15-19세",65,5.8
"비호지킨 림프종(C82-C86,C96)","여자","20-24세",104,7.2
"비호지킨 림프종(C82-C86,C96)","여자","25-29세",129,7.8
"비호지킨 림프종(C82-C86,C96)","여자","30-34세",190,12.2
"비호지킨 림프종(C82-C86,C96)","여자","35-39세",275,16.7
"비호지킨 림프종(C82-C86,C96)","여자","40-44세",445,22.7
"비호지킨 림프종(C82-C86,C96)","여자","45-49세",526,26.1
"비호지킨 림프종(C82-C86,C96)","여자","50-54세",740,33.2
"비호지킨 림프종(C82-C86,C96)","여자","55-59세",854,42.6
"비호지킨 림프종(C82-C86,C96)","여자","60-64세",1132,54.1
"비호지킨 림프종(C82-C86,C96)","여자","65-69세",1048,65.8
"비호지킨 림프종(C82-C86,C96)","여자","70-74세",927,81.2
"비호지킨 림프종(C82-C86,C96)","여자","75-79세",759,84.0
"비호지킨 림프종(C82-C86,C96)","여자","80-84세",643,83.6
"비호지킨 림프종(C82-C86,C96)","여자","85세이상",377,57.1
"식도(C15)","계","계",7906,15.4
"식도(C15)","계","0-4세",0,-
"식도(C15)","계","5-9세",0,-
"식도(C15)","계","10-14세",0,-
"식도(C15)","계","15-19세",0,-
"식도(C15)","계","20-24세",2,0.1
"식도(C15)","계","25-29세",1,0.0
"식도(C15)","계","30-34세",2,0.1
"식도(C15)","계","35-39세",18,0.5
"식도(C15)","계","40-44세",36,0.9
"식도(C15)","계","45-49세",130,3.2
"식도(C15)","계","50-54세",346,7.7
"식도(C15)","계","55-59세",746,18.4
"식도(C15)","계","60-64세",1431,34.5
"식도(C15)","계","65-69세",1730,56.0
"식도(C15)","계","70-74세",1469,68.4
"식도(C15)","계","75-79세",1004,62.6
"식도(C15)","계","80-84세",744,59.6
"식도(C15)","계","85세이상",247,26.8
"식도(C15)","남자","계",6959,27.2
"식도(C15)","남자","0-4세",0,-
"식도(C15)","남자","5-9세",0,-
"식도(C15)","남자","10-14세",0,-
"식도(C15)","남자","15-19세",0,-
"식도(C15)","남자","20-24세",2,0.1
"식도(C15)","남자","25-29세",1,0.1
"식도(C15)","남자","30-34세",1,0.1
"식도(C15)","남자","35-39세",10,0.6
"식도(C15)","남자","40-44세",16,0.8
"식도(C15)","남자","45-49세",90,4.4
"식도(C15)","남자","50-54세",248,10.9
"식도(C15)","남자","55-59세",624,30.4
"식도(C15)","남자","60-64세",1261,61.5
"식도(C15)","남자","65-69세",1573,105.3
"식도(C15)","남자","70-74세",1346,133.7
"식도(C15)","남자","75-79세",924,131.9
"식도(C15)","남자","80-84세",662,138.3
"식도(C15)","남자","85세이상",201,76.5
"식도(C15)","여자","계",947,3.7
"식도(C15)","여자","0-4세",0,-
"식도(C15)","여자","5-9세",0,-
"식도(C15)","여자","10-14세",0,-
"식도(C15)","여자","15-19세",0,-
"식도(C15)","여자","20-24세",0,-
"식도(C15)","여자","25-29세",0,-
"식도(C15)","여자","30-34세",1,0.1
"식도(C15)","여자","35-39세",8,0.5
"식도(C15)","여자","40-44세",20,1.0
"식도(C15)","여자","45-49세",40,2.0
"식도(C15)","여자","50-54세",98,4.4
"식도(C15)","여자","55-59세",122,6.1
"식도(C15)","여자","60-64세",170,8.1
"식도(C15)","여자","65-69세",157,9.9
"식도(C15)","여자","70-74세",123,10.8
"식도(C15)","여자","75-79세",80,8.8
"식도(C15)","여자","80-84세",82,10.7
"식도(C15)","여자","85세이상",46,7.0
"신장(C64)","계","계",27598,53.8
"신장(C64)","계","0-4세",28,1.9
"신장(C64)","계","5-9세",58,2.7
"신장(C64)","계","10-14세",8,0.3
"신장(C64)","계","15-19세",16,0.7
"신장(C64)","계","20-24세",46,1.5
"신장(C64)","계","25-29세",199,5.7
"신장(C64)","계","30-34세",440,13.5
"신장(C64)","계","35-39세",831,24.6
"신장(C64)","계","40-44세",1632,41.0
"신장(C64)","계","45-49세",2137,52.4
"신장(C64)","계","50-54세",2877,64.0
"신장(C64)","계","55-59세",3274,80.8
"신장(C64)","계","60-64세",4329,104.5
"신장(C64)","계","65-69세",4125,133.6
"신장(C64)","계","70-74세",3196,148.8
"신장(C64)","계","75-79세",2294,143.0
"신장(C64)","계","80-84세",1474,118.1
"신장(C64)","계","85세이상",634,68.7
"신장(C64)","남자","계",19104,74.8
"신장(C64)","남자","0-4세",18,2.4
"신장(C64)","남자","5-9세",28,2.5
"신장(C64)","남자","10-14세",4,0.3
"신장(C64)","남자","15-19세",8,0.7
"신장(C64)","남자","20-24세",27,1.7
"신장(C64)","남자","25-29세",128,6.9
"신장(C64)","남자","30-34세",316,18.6
"신장(C64)","남자","35-39세",605,34.9
"신장(C64)","남자","40-44세",1217,60.1
"신장(C64)","남자","45-49세",1558,75.4
"신장(C64)","남자","50-54세",2086,92.0
"신장(C64)","남자","55-59세",2331,113.7
"신장(C64)","남자","60-64세",2992,145.9
"신장(C64)","남자","65-69세",2853,190.9
"신장(C64)","남자","70-74세",2158,214.4
"신장(C64)","남자","75-79세",1517,216.6
"신장(C64)","남자","80-84세",914,191.0
"신장(C64)","남자","85세이상",344,131.0
"신장(C64)","여자","계",8494,33.0
"신장(C64)","여자","0-4세",10,1.4
"신장(C64)","여자","5-9세",30,2.8
"신장(C64)","여자","10-14세",4,0.3
"신장(C64)","여자","15-19세",8,0.7
"신장(C64)","여자","20-24세",19,1.3
"신장(C64)","여자","25-29세",71,4.3
"신장(C64)","여자","30-34세",124,8.0
"신장(C64)","여자","35-39세",226,13.7
"신장(C64)","여자","40-44세",415,21.2
"신장(C64)","여자","45-49세",579,28.8
"신장(C64)","여자","50-54세",791,35.5
"신장(C64)","여자","55-59세",943,47.1
"신장(C64)","여자","60-64세",1337,63.9
"신장(C64)","여자","65-69세",1272,79.8
"신장(C64)","여자","70-74세",1038,90.9
"신장(C64)","여자","75-79세",777,86.0
"신장(C64)","여자","80-84세",560,72.8
"신장(C64)","여자","85세이상",290,43.9
"위(C16)","계","계",115022,224.4
"위(C16)","계","0-4세",0,-
"위(C16)","계","5-9세",0,-
"위(C16)","계","10-14세",3,0.1
"위(C16)","계","15-19세",1,0.0
"위(C16)","계","20-24세",24,0.8
"위(C16)","계","25-29세",127,3.6
"위(C16)","계","30-34세",289,8.9
"위(C16)","계","35-39세",853,25.2
"위(C16)","계","40-44세",3068,77.0
"위(C16)","계","45-49세",4669,114.5
"위(C16)","계","50-54세",8306,184.8
"위(C16)","계","55-59세",11878,293.0
"위(C16)","계","60-64세",19176,462.8
"위(C16)","계","65-69세",18911,612.5
"위(C16)","계","70-74세",17226,801.8
"위(C16)","계","75-79세",14218,886.3
"위(C16)","계","80-84세",11067,886.9
"위(C16)","계","85세이상",5206,564.2
"위(C16)","남자","계",77098,301.9
"위(C16)","남자","0-4세",0,-
"위(C16)","남자","5-9세",0,-
"위(C16)","남자","10-14세",0,-
"위(C16)","남자","15-19세",0,-
"위(C16)","남자","20-24세",14,0.9
"위(C16)","남자","25-29세",55,3.0
"위(C16)","남자","30-34세",122,7.2
"위(C16)","남자","35-39세",371,21.4
"위(C16)","남자","40-44세",1465,72.3
"위(C16)","남자","45-49세",2606,126.2
"위(C16)","남자","50-54세",5293,233.5
"위(C16)","남자","55-59세",8273,403.7
"위(C16)","남자","60-64세",13919,678.9
"위(C16)","남자","65-69세",13811,924.2
"위(C16)","남자","70-74세",12170,1209.3
"위(C16)","남자","75-79세",9550,1363.8
"위(C16)","남자","80-84세",6753,1411.1
"위(C16)","남자","85세이상",2696,1026.4
"위(C16)","여자","계",37924,147.5
"위(C16)","여자","0-4세",0,-
"위(C16)","여자","5-9세",0,-
"위(C16)","여자","10-14세",3,0.3
"위(C16)","여자","15-19세",1,0.1
"위(C16)","여자","20-24세",10,0.7
"위(C16)","여자","25-29세",72,4.4
"위(C16)","여자","30-34세",167,10.8
"위(C16)","여자","35-39세",482,29.2
"위(C16)","여자","40-44세",1603,82.0
"위(C16)","여자","45-49세",2063,102.5
"위(C16)","여자","50-54세",3013,135.2
"위(C16)","여자","55-59세",3605,179.9
"위(C16)","여자","60-64세",5257,251.1
"위(C16)","여자","65-69세",5100,320.1
"위(C16)","여자","70-74세",5056,442.8
"위(C16)","여자","75-79세",4668,516.4
"위(C16)","여자","80-84세",4314,560.8
"위(C16)","여자","85세이상",2510,380.3
"유방(C50)","계","계",127429,248.6
"유방(C50)","계","0-4세",0,-
"유방(C50)","계","5-9세",0,-
"유방(C50)","계","10-14세",0,-
"유방(C50)","계","15-19세",2,0.1
"유방(C50)","계","20-24세",54,1.8
"유방(C50)","계","25-29세",426,12.2
"유방(C50)","계","30-34세",1602,49.3
"유방(C50)","계","35-39세",4473,132.2
"유방(C50)","계","40-44세",11908,299.0
"유방(C50)","계","45-49세",20196,495.2
"유방(C50)","계","50-54세",23901,531.7
"유방(C50)","계","55-59세",17608,434.4
"유방(C50)","계","60-64세",17684,426.8
"유방(C50)","계","65-69세",12334,399.5
"유방(C50)","계","70-74세",7672,357.1
"유방(C50)","계","75-79세",4951,308.6
"유방(C50)","계","80-84세",3128,250.7
"유방(C50)","계","85세이상",1490,161.5
"유방(C50)","남자","계",539,2.1
"유방(C50)","남자","0-4세",0,-
"유방(C50)","남자","5-9세",0,-
"유방(C50)","남자","10-14세",0,-
"유방(C50)","남자","15-19세",1,0.1
"유방(C50)","남자","20-24세",0,-
"유방(C50)","남자","25-29세",0,-
"유방(C50)","남자","30-34세",0,-
"유방(C50)","남자","35-39세",4,0.2
"유방(C50)","남자","40-44세",9,0.4
"유방(C50)","남자","45-49세",17,0.8
"유방(C50)","남자","50-54세",52,2.3
"유방(C50)","남자","55-59세",64,3.1
"유방(C50)","남자","60-64세",90,4.4
"유방(C50)","남자","65-69세",78,5.2
"유방(C50)","남자","70-74세",86,8.5
"유방(C50)","남자","75-79세",60,8.6
"유방(C50)","남자","80-84세",43,9.0
"유방(C50)","남자","85세이상",35,13.3
"유방(C50)","여자","계",126890,493.4
"유방(C50)","여자","0-4세",0,-
"유방(C50)","여자","5-9세",0,-
"유방(C50)","여자","10-14세",0,-
"유방(C50)","여자","15-19세",1,0.1
"유방(C50)","여자","20-24세",54,3.7
"유방(C50)","여자","25-29세",426,25.8
"유방(C50)","여자","30-34세",1602,103.1
"유방(C50)","여자","35-39세",4469,270.8
"유방(C50)","여자","40-44세",11899,608.3
"유방(C50)","여자","45-49세",20179,1002.3
"유방(C50)","여자","50-54세",23849,1070.1
"유방(C50)","여자","55-59세",17544,875.5
"유방(C50)","여자","60-64세",17594,840.5
"유방(C50)","여자","65-69세",12256,769.3
"유방(C50)","여자","70-74세",7586,664.3
"유방(C50)","여자","75-79세",4891,541.0
"유방(C50)","여자","80-84세",3085,401.0
"유방(C50)","여자","85세이상",1455,220.4
"입술, 구강 및 인두(C00-C14)","계","계",16043,31.3
"입술, 구강 및 인두(C00-C14)","계","0-4세",2,0.1
"입술, 구강 및 인두(C00-C14)","계","5-9세",10,0.5
"입술, 구강 및 인두(C00-C14)","계","10-14세",25,1.1
"입술, 구강 및 인두(C00-C14)","계","15-19세",64,2.7
"입술, 구강 및 인두(C00-C14)","계","20-24세",115,3.8
"입술, 구강 및 인두(C00-C14)","계","25-29세",206,5.9
"입술, 구강 및 인두(C00-C14)","계","30-34세",260,8.0
"입술, 구강 및 인두(C00-C14)","계","35-39세",360,10.6
"입술, 구강 및 인두(C00-C14)","계","40-44세",690,17.3
"입술, 구강 및 인두(C00-C14)","계","45-49세",970,23.8
"입술, 구강 및 인두(C00-C14)","계","50-54세",1642,36.5
"입술, 구강 및 인두(C00-C14)","계","55-59세",1962,48.4
"입술, 구강 및 인두(C00-C14)","계","60-64세",2572,62.1
"입술, 구강 및 인두(C00-C14)","계","65-69세",2432,78.8
"입술, 구강 및 인두(C00-C14)","계","70-74세",1877,87.4
"입술, 구강 및 인두(C00-C14)","계","75-79세",1321,82.3
"입술, 구강 및 인두(C00-C14)","계","80-84세",973,78.0
"입술, 구강 및 인두(C00-C14)","계","85세이상",562,60.9
"입술, 구강 및 인두(C00-C14)","남자","계",11193,43.8
"입술, 구강 및 인두(C00-C14)","남자","0-4세",2,0.3
"입술, 구강 및 인두(C00-C14)","남자","5-9세",8,0.7
"입술, 구강 및 인두(C00-C14)","남자","10-14세",9,0.7
"입술, 구강 및 인두(C00-C14)","남자","15-19세",33,2.7
"입술, 구강 및 인두(C00-C14)","남자","20-24세",64,4.1
"입술, 구강 및 인두(C00-C14)","남자","25-29세",103,5.6
"입술, 구강 및 인두(C00-C14)","남자","30-34세",133,7.8
"입술, 구강 및 인두(C00-C14)","남자","35-39세",204,11.8
"입술, 구강 및 인두(C00-C14)","남자","40-44세",415,20.5
"입술, 구강 및 인두(C00-C14)","남자","45-49세",620,30.0
"입술, 구강 및 인두(C00-C14)","남자","50-54세",1093,48.2
"입술, 구강 및 인두(C00-C14)","남자","55-59세",1446,70.6
"입술, 구강 및 인두(C00-C14)","남자","60-64세",1949,95.1
"입술, 구강 및 인두(C00-C14)","남자","65-69세",1867,124.9
"입술, 구강 및 인두(C00-C14)","남자","70-74세",1427,141.8
"입술, 구강 및 인두(C00-C14)","남자","75-79세",917,130.9
"입술, 구강 및 인두(C00-C14)","남자","80-84세",619,129.3
"입술, 구강 및 인두(C00-C14)","남자","85세이상",284,108.1
"입술, 구강 및 인두(C00-C14)","여자","계",4850,18.9
"입술, 구강 및 인두(C00-C14)","여자","0-4세",0,-
"입술, 구강 및 인두(C00-C14)","여자","5-9세",2,0.2
"입술, 구강 및 인두(C00-C14)","여자","10-14세",16,1.4
"입술, 구강 및 인두(C00-C14)","여자","15-19세",31,2.7
"입술, 구강 및 인두(C00-C14)","여자","20-24세",51,3.5
"입술, 구강 및 인두(C00-C14)","여자","25-29세",103,6.2
"입술, 구강 및 인두(C00-C14)","여자","30-34세",127,8.2
"입술, 구강 및 인두(C00-C14)","여자","35-39세",156,9.5
"입술, 구강 및 인두(C00-C14)","여자","40-44세",275,14.1
"입술, 구강 및 인두(C00-C14)","여자","45-49세",350,17.4
"입술, 구강 및 인두(C00-C14)","여자","50-54세",549,24.6
"입술, 구강 및 인두(C00-C14)","여자","55-59세",516,25.7
"입술, 구강 및 인두(C00-C14)","여자","60-64세",623,29.8
"입술, 구강 및 인두(C00-C14)","여자","65-69세",565,35.5
"입술, 구강 및 인두(C00-C14)","여자","70-74세",450,39.4
"입술, 구강 및 인두(C00-C14)","여자","75-79세",404,44.7
"입술, 구강 및 인두(C00-C14)","여자","80-84세",354,46.0
"입술, 구강 및 인두(C00-C14)","여자","85세이상",278,42.1
"자궁경부(C53)","계","계",13890,27.1
"자궁경부(C53)","계","0-4세",0,-
"자궁경부(C53)","계","5-9세",0,-
"자궁경부(C53)","계","10-14세",2,0.1
"자궁경부(C53)","계","15-19세",2,0.1
"자궁경부(C53)","계","20-24세",20,0.7
"자궁경부(C53)","계","25-29세",166,4.8
"자궁경부(C53)","계","30-34세",636,19.6
"자궁경부(C53)","계","35-39세",1157,34.2
"자궁경부(C53)","계","40-44세",1815,45.6
"자궁경부(C53)","계","45-49세",1756,43.1
"자궁경부(C53)","계","50-54세",1926,42.8
"자궁경부(C53)","계","55-59세",1590,39.2
"자궁경부(C53)","계","60-64세",1608,38.8
"자궁경부(C53)","계","65-69세",1114,36.1
"자궁경부(C53)","계","70-74세",768,35.7
"자궁경부(C53)","계","75-79세",519,32.4
"자궁경부(C53)","계","80-84세",501,40.2
"자궁경부(C53)","계","85세이상",310,33.6
"자궁경부(C53)","남자","계",0,-
"자궁경부(C53)","남자","0-4세",0,-
"자궁경부(C53)","남자","5-9세",0,-
"자궁경부(C53)","남자","10-14세",0,-
"자궁경부(C53)","남자","15-19세",0,-
"자궁경부(C53)","남자","20-24세",0,-
"자궁경부(C53)","남자","25-29세",0,-
"자궁경부(C53)","남자","30-34세",0,-
"자궁경부(C53)","남자","35-39세",0,-
"자궁경부(C53)","남자","40-44세",0,-
"자궁경부(C53)","남자","45-49세",0,-
"자궁경부(C53)","남자","50-54세",0,-
"자궁경부(C53)","남자","55-59세",0,-
"자궁경부(C53)","남자","60-64세",0,-
"자궁경부(C53)","남자","65-69세",0,-
"자궁경부(C53)","남자","70-74세",0,-
"자궁경부(C53)","남자","75-79세",0,-
"자궁경부(C53)","남자","80-84세",0,-
"자궁경부(C53)","남자","85세이상",0,-
"자궁경부(C53)","여자","계",13890,54.0
"자궁경부(C53)","여자","0-4세",0,-
"자궁경부(C53)","여자","5-9세",0,-
"자궁경부(C53)","여자","10-14세",2,0.2
"자궁경부(C53)","여자","15-19세",2,0.2
"자궁경부(C53)","여자","20-24세",20,1.4
"자궁경부(C53)","여자","25-29세",166,10.1
"자궁경부(C53)","여자","30-34세",636,40.9
"자궁경부(C53)","여자","35-39세",1157,70.1
"자궁경부(C53)","여자","40-44세",1815,92.8
"자궁경부(C53)","여자","45-49세",1756,87.2
"자궁경부(C53)","여자","50-54세",1926,86.4
"자궁경부(C53)","여자","55-59세",1590,79.3
"자궁경부(C53)","여자","60-64세",1608,76.8
"자궁경부(C53)","여자","65-69세",1114,69.9
"자궁경부(C53)","여자","70-74세",768,67.3
"자궁경부(C53)","여자","75-79세",519,57.4
"자궁경부(C53)","여자","80-84세",501,65.1
"자궁경부(C53)","여자","85세이상",310,47.0
"자궁체부(C54)","계","계",16327,31.9
"자궁체부(C54)","계","0-4세",0,-
"자궁체부(C54)","계","5-9세",0,-
"자궁체부(C54)","계","10-14세",0,-
"자궁체부(C54)","계","15-19세",4,0.2
"자궁체부(C54)","계","20-24세",62,2.1
"자궁체부(C54)","계","25-29세",198,5.7
"자궁체부(C54)","계","30-34세",411,12.6
"자궁체부(C54)","계","35-39세",665,19.7
"자궁체부(C54)","계","40-44세",1114,28.0
"자궁체부(C54)","계","45-49세",1671,41.0
"자궁체부(C54)","계","50-54세",2723,60.6
"자궁체부(C54)","계","55-59세",2821,69.6
"자궁체부(C54)","계","60-64세",2751,66.4
"자궁체부(C54)","계","65-69세",1833,59.4
"자궁체부(C54)","계","70-74세",1033,48.1
"자궁체부(C54)","계","75-79세",610,38.0
"자궁체부(C54)","계","80-84세",298,23.9
"자궁체부(C54)","계","85세이상",133,14.4
"자궁체부(C54)","남자","계",0,-
"자궁체부(C54)","남자","0-4세",0,-
"자궁체부(C54)","남자","5-9세",0,-
"자궁체부(C54)","남자","10-14세",0,-
"자궁체부(C54)","남자","15-19세",0,-
"자궁체부(C54)","남자","20-24세",0,-
"자궁체부(C54)","남자","25-29세",0,-
"자궁체부(C54)","남자","30-34세",0,-
"자궁체부(C54)","남자","35-39세",0,-
"자궁체부(C54)","남자","40-44세",0,-
"자궁체부(C54)","남자","45-49세",0,-
"자궁체부(C54)","남자","50-54세",0,-
"자궁체부(C54)","남자","55-59세",0,-
"자궁체부(C54)","남자","60-64세",0,-
"자궁체부(C54)","남자","65-69세",0,-
"자궁체부(C54)","남자","70-74세",0,-
"자궁체부(C54)","남자","75-79세",0,-
"자궁체부(C54)","남자","80-84세",0,-
"자궁체부(C54)","남자","85세이상",0,-
"자궁체부(C54)","여자","계",16327,63.5
"자궁체부(C54)","여자","0-4세",0,-
"자궁체부(C54)","여자","5-9세",0,-
"자궁체부(C54)","여자","10-14세",0,-
"자궁체부(C54)","여자","15-19세",4,0.4
"자궁체부(C54)","여자","20-24세",62,4.3
"자궁체부(C54)","여자","25-29세",198,12.0
"자궁체부(C54)","여자","30-34세",411,26.5
"자궁체부(C54)","여자","35-39세",665,40.3
"자궁체부(C54)","여자","40-44세",1114,57.0
"자궁체부(C54)","여자","45-49세",1671,83.0
"자궁체부(C54)","여자","50-54세",2723,122.2
"자궁체부(C54)","여자","55-59세",2821,140.8
"자궁체부(C54)","여자","60-64세",2751,131.4
"자궁체부(C54)","여자","65-69세",1833,115.1
"자궁체부(C54)","여자","70-74세",1033,90.5
"자궁체부(C54)","여자","75-79세",610,67.5
"자궁체부(C54)","여자","80-84세",298,38.7
"자궁체부(C54)","여자","85세이상",133,20.2
"전립선(C61)","계","계",80496,157.0
"전립선(C61)","계","0-4세",1,0.1
"전립선(C61)","계","5-9세",0,-
"전립선(C61)","계","10-14세",0,-
"전립선(C61)","계","15-19세",3,0.1
"전립선(C61)","계","20-24세",0,-
"전립선(C61)","계","25-29세",2,0.1
"전립선(C61)","계","30-34세",4,0.1
"전립선(C61)","계","35-39세",3,0.1
"전립선(C61)","계","40-44세",65,1.6
"전립선(C61)","계","45-49세",188,4.6
"전립선(C61)","계","50-54세",917,20.4
"전립선(C61)","계","55-59세",2880,71.1
"전립선(C61)","계","60-64세",8701,210.0
"전립선(C61)","계","65-69세",14448,468.0
"전립선(C61)","계","70-74세",17942,835.2
"전립선(C61)","계","75-79세",17201,1072.2
"전립선(C61)","계","80-84세",12618,1011.2
"전립선(C61)","계","85세이상",5523,598.6
"전립선(C61)","남자","계",80496,315.2
"전립선(C61)","남자","0-4세",1,0.1
"전립선(C61)","남자","5-9세",0,-
"전립선(C61)","남자","10-14세",0,-
"전립선(C61)","남자","15-19세",3,0.2
"전립선(C61)","남자","20-24세",0,-
"전립선(C61)","남자","25-29세",2,0.1
"전립선(C61)","남자","30-34세",4,0.2
"전립선(C61)","남자","35-39세",3,0.2
"전립선(C61)","남자","40-44세",65,3.2
"전립선(C61)","남자","45-49세",188,9.1
"전립선(C61)","남자","50-54세",917,40.5
"전립선(C61)","남자","55-59세",2880,140.5
"전립선(C61)","남자","60-64세",8701,424.4
"전립선(C61)","남자","65-69세",14448,966.8
"전립선(C61)","남자","70-74세",17942,1782.8
"전립선(C61)","남자","75-79세",17201,2456.3
"전립선(C61)","남자","80-84세",12618,2636.6
"전립선(C61)","남자","85세이상",5523,2102.6
"전립선(C61)","여자","계",0,-
"전립선(C61)","여자","0-4세",0,-
"전립선(C61)","여자","5-9세",0,-
"전립선(C61)","여자","10-14세",0,-
"전립선(C61)","여자","15-19세",0,-
"전립선(C61)","여자","20-24세",0,-
"전립선(C61)","여자","25-29세",0,-
"전립선(C61)","여자","30-34세",0,-
"전립선(C61)","여자","35-39세",0,-
"전립선(C61)","여자","40-44세",0,-
"전립선(C61)","여자","45-49세",0,-
"전립선(C61)","여자","50-54세",0,-
"전립선(C61)","여자","55-59세",0,-
"전립선(C61)","여자","60-64세",0,-
"전립선(C61)","여자","65-69세",0,-
"전립선(C61)","여자","70-74세",0,-
"전립선(C61)","여자","75-79세",0,-
"전립선(C61)","여자","80-84세",0,-
"전립선(C61)","여자","85세이상",0,-
"췌장(C25)","계","계",15001,29.3
"췌장(C25)","계","0-4세",1,0.1
"췌장(C25)","계","5-9세",8,0.4
"췌장(C25)","계","10-14세",27,1.1
"췌장(C25)","계","15-19세",53,2.3
"췌장(C25)","계","20-24세",60,2.0
"췌장(C25)","계","25-29세",133,3.8
"췌장(C25)","계","30-34세",154,4.7
"췌장(C25)","계","35-39세",215,6.4
"췌장(C25)","계","40-44세",401,10.1
"췌장(C25)","계","45-49세",553,13.6
"췌장(C25)","계","50-54세",978,21.8
"췌장(C25)","계","55-59세",1447,35.7
"췌장(C25)","계","60-64세",2386,57.6
"췌장(C25)","계","65-69세",2636,85.4
"췌장(C25)","계","70-74세",2308,107.4
"췌장(C25)","계","75-79세",1876,116.9
"췌장(C25)","계","80-84세",1231,98.7
"췌장(C25)","계","85세이상",534,57.9
"췌장(C25)","남자","계",7656,30.0
"췌장(C25)","남자","0-4세",1,0.1
"췌장(C25)","남자","5-9세",3,0.3
"췌장(C25)","남자","10-14세",9,0.7
"췌장(C25)","남자","15-19세",12,1.0
"췌장(C25)","남자","20-24세",13,0.8
"췌장(C25)","남자","25-29세",26,1.4
"췌장(C25)","남자","30-34세",50,2.9
"췌장(C25)","남자","35-39세",88,5.1
"췌장(C25)","남자","40-44세",195,9.6
"췌장(C25)","남자","45-49세",280,13.6
"췌장(C25)","남자","50-54세",553,24.4
"췌장(C25)","남자","55-59세",808,39.4
"췌장(C25)","남자","60-64세",1298,63.3
"췌장(C25)","남자","65-69세",1440,96.4
"췌장(C25)","남자","70-74세",1185,117.8
"췌장(C25)","남자","75-79세",947,135.2
"췌장(C25)","남자","80-84세",548,114.5
"췌장(C25)","남자","85세이상",200,76.1
"췌장(C25)","여자","계",7345,28.6
"췌장(C25)","여자","0-4세",0,-
"췌장(C25)","여자","5-9세",5,0.5
"췌장(C25)","여자","10-14세",18,1.6
"췌장(C25)","여자","15-19세",41,3.6
"췌장(C25)","여자","20-24세",47,3.2
"췌장(C25)","여자","25-29세",107,6.5
"췌장(C25)","여자","30-34세",104,6.7
"췌장(C25)","여자","35-39세",127,7.7
"췌장(C25)","여자","40-44세",206,10.5
"췌장(C25)","여자","45-49세",273,13.6
"췌장(C25)","여자","50-54세",425,19.1
"췌장(C25)","여자","55-59세",639,31.9
"췌장(C25)","여자","60-64세",1088,52.0
"췌장(C25)","여자","65-69세",1196,75.1
"췌장(C25)","여자","70-74세",1123,98.3
"췌장(C25)","여자","75-79세",929,102.8
"췌장(C25)","여자","80-84세",683,88.8
"췌장(C25)","여자","85세이상",334,50.6
"폐(C33-C34)","계","계",80196,156.5
"폐(C33-C34)","계","0-4세",3,0.2
"폐(C33-C34)","계","5-9세",2,0.1
"폐(C33-C34)","계","10-14세",3,0.1
"폐(C33-C34)","계","15-19세",9,0.4
"폐(C33-C34)","계","20-24세",35,1.2
"폐(C33-C34)","계","25-29세",87,2.5
"폐(C33-C34)","계","30-34세",204,6.3
"폐(C33-C34)","계","35-39세",402,11.9
"폐(C33-C34)","계","40-44세",1002,25.2
"폐(C33-C34)","계","45-49세",1814,44.5
"폐(C33-C34)","계","50-54세",3802,84.6
"폐(C33-C34)","계","55-59세",6587,162.5
"폐(C33-C34)","계","60-64세",12087,291.7
"폐(C33-C34)","계","65-69세",15042,487.2
"폐(C33-C34)","계","70-74세",14759,687.0
"폐(C33-C34)","계","75-79세",12207,760.9
"폐(C33-C34)","계","80-84세",8658,693.9
"폐(C33-C34)","계","85세이상",3493,378.6
"폐(C33-C34)","남자","계",47810,187.2
"폐(C33-C34)","남자","0-4세",0,-
"폐(C33-C34)","남자","5-9세",1,0.1
"폐(C33-C34)","남자","10-14세",2,0.2
"폐(C33-C34)","남자","15-19세",5,0.4
"폐(C33-C34)","남자","20-24세",22,1.4
"폐(C33-C34)","남자","25-29세",35,1.9
"폐(C33-C34)","남자","30-34세",89,5.2
"폐(C33-C34)","남자","35-39세",173,10.0
"폐(C33-C34)","남자","40-44세",454,22.4
"폐(C33-C34)","남자","45-49세",792,38.4
"폐(C33-C34)","남자","50-54세",1728,76.2
"폐(C33-C34)","남자","55-59세",3354,163.7
"폐(C33-C34)","남자","60-64세",6706,327.1
"폐(C33-C34)","남자","65-69세",9321,623.7
"폐(C33-C34)","남자","70-74세",9740,967.8
"폐(C33-C34)","남자","75-79세",7946,1134.7
"폐(C33-C34)","남자","80-84세",5448,1138.4
"폐(C33-C34)","남자","85세이상",1994,759.1
"폐(C33-C34)","여자","계",32386,125.9
"폐(C33-C34)","여자","0-4세",3,0.4
"폐(C33-C34)","여자","5-9세",1,0.1
"폐(C33-C34)","여자","10-14세",1,0.1
"폐(C33-C34)","여자","15-19세",4,0.4
"폐(C33-C34)","여자","20-24세",13,0.9
"폐(C33-C34)","여자","25-29세",52,3.1
"폐(C33-C34)","여자","30-34세",115,7.4
"폐(C33-C34)","여자","35-39세",229,13.9
"폐(C33-C34)","여자","40-44세",548,28.0
"폐(C33-C34)","여자","45-49세",1022,50.8
"폐(C33-C34)","여자","50-54세",2074,93.1
"폐(C33-C34)","여자","55-59세",3233,161.3
"폐(C33-C34)","여자","60-64세",5381,257.1
"폐(C33-C34)","여자","65-69세",5721,359.1
"폐(C33-C34)","여자","70-74세",5019,439.5
"폐(C33-C34)","여자","75-79세",4261,471.4
"폐(C33-C34)","여자","80-84세",3210,417.3
"폐(C33-C34)","여자","85세이상",1499,227.1
"호지킨 림프종(C81)","계","계",1443,2.8
"호지킨 림프종(C81)","계","0-4세",1,0.1
"호지킨 림프종(C81)","계","5-9세",5,0.2
"호지킨 림프종(C81)","계","10-14세",9,0.4
"호지킨 림프종(C81)","계","15-19세",74,3.2
"호지킨 림프종(C81)","계","20-24세",130,4.3
"호지킨 림프종(C81)","계","25-29세",181,5.2
"호지킨 림프종(C81)","계","30-34세",147,4.5
"호지킨 림프종(C81)","계","35-39세",102,3.0
"호지킨 림프종(C81)","계","40-44세",100,2.5
"호지킨 림프종(C81)","계","45-49세",67,1.6
"호지킨 림프종(C81)","계","50-54세",102,2.3
"호지킨 림프종(C81)","계","55-59세",91,2.2
"호지킨 림프종(C81)","계","60-64세",123,3.0
"호지킨 림프종(C81)","계","65-69세",114,3.7
"호지킨 림프종(C81)","계","70-74세",73,3.4
"호지킨 림프종(C81)","계","75-79세",61,3.8
"호지킨 림프종(C81)","계","80-84세",40,3.2
"호지킨 림프종(C81)","계","85세이상",23,2.5
"호지킨 림프종(C81)","남자","계",915,3.6
"호지킨 림프종(C81)","남자","0-4세",0,-
"호지킨 림프종(C81)","남자","5-9세",5,0.5
"호지킨 림프종(C81)","남자","10-14세",6,0.5
"호지킨 림프종(C81)","남자","15-19세",43,3.5
"호지킨 림프종(C81)","남자","20-24세",70,4.4
"호지킨 림프종(C81)","남자","25-29세",96,5.2
"호지킨 림프종(C81)","남자","30-34세",74,4.4
"호지킨 림프종(C81)","남자","35-39세",60,3.5
"호지킨 림프종(C81)","남자","40-44세",66,3.3
"호지킨 림프종(C81)","남자","45-49세",50,2.4
"호지킨 림프종(C81)","남자","50-54세",75,3.3
"호지킨 림프종(C81)","남자","55-59세",64,3.1
"호지킨 림프종(C81)","남자","60-64세",89,4.3
"호지킨 림프종(C81)","남자","65-69세",89,6.0
"호지킨 림프종(C81)","남자","70-74세",50,5.0
"호지킨 림프종(C81)","남자","75-79세",43,6.1
"호지킨 림프종(C81)","남자","80-84세",23,4.8
"호지킨 림프종(C81)","남자","85세이상",12,4.6
"호지킨 림프종(C81)","여자","계",528,2.1
"호지킨 림프종(C81)","여자","0-4세",1,0.1
"호지킨 림프종(C81)","여자","5-9세",0,-
"호지킨 림프종(C81)","여자","10-14세",3,0.3
"호지킨 림프종(C81)","여자","15-19세",31,2.7
"호지킨 림프종(C81)","여자","20-24세",60,4.1
"호지킨 림프종(C81)","여자","25-29세",85,5.1
"호지킨 림프종(C81)","여자","30-34세",73,4.7
"호지킨 림프종(C81)","여자","35-39세",42,2.5
"호지킨 림프종(C81)","여자","40-44세",34,1.7
"호지킨 림프종(C81)","여자","45-49세",17,0.8
"호지킨 림프종(C81)","여자","50-54세",27,1.2
"호지킨 림프종(C81)","여자","55-59세",27,1.3
"호지킨 림프종(C81)","여자","60-64세",34,1.6
"호지킨 림프종(C81)","여자","65-69세",25,1.6
"호지킨 림프종(C81)","여자","70-74세",23,2.0
"호지킨 림프종(C81)","여자","75-79세",18,2.0
"호지킨 림프종(C81)","여자","80-84세",17,2.2
"호지킨 림프종(C81)","여자","85세이상",11,1.7
"후두(C32)","계","계",4955,9.7
"후두(C32)","계","0-4세",0,-
"후두(C32)","계","5-9세",0,-
"후두(C32)","계","10-14세",1,0.0
"후두(C32)","계","15-19세",1,0.0
"후두(C32)","계","20-24세",1,0.0
"후두(C32)","계","25-29세",2,0.1
"후두(C32)","계","30-34세",5,0.2
"후두(C32)","계","35-39세",9,0.3
"후두(C32)","계","40-44세",20,0.5
"후두(C32)","계","45-49세",68,1.7
"후두(C32)","계","50-54세",191,4.2
"후두(C32)","계","55-59세",429,10.6
"후두(C32)","계","60-64세",890,21.5
"후두(C32)","계","65-69세",1053,34.1
"후두(C32)","계","70-74세",876,40.8
"후두(C32)","계","75-79세",713,44.4
"후두(C32)","계","80-84세",443,35.5
"후두(C32)","계","85세이상",253,27.4
"후두(C32)","남자","계",4678,18.3
"후두(C32)","남자","0-4세",0,-
"후두(C32)","남자","5-9세",0,-
"후두(C32)","남자","10-14세",0,-
"후두(C32)","남자","15-19세",1,0.1
"후두(C32)","남자","20-24세",0,-
"후두(C32)","남자","25-29세",0,-
"후두(C32)","남자","30-34세",4,0.2
"후두(C32)","남자","35-39세",5,0.3
"후두(C32)","남자","40-44세",15,0.7
"후두(C32)","남자","45-49세",58,2.8
"후두(C32)","남자","50-54세",177,7.8
"후두(C32)","남자","55-59세",411,20.1
"후두(C32)","남자","60-64세",845,41.2
"후두(C32)","남자","65-69세",1008,67.5
"후두(C32)","남자","70-74세",831,82.6
"후두(C32)","남자","75-79세",685,97.8
"후두(C32)","남자","80-84세",413,86.3
"후두(C32)","남자","85세이상",225,85.7
"후두(C32)","여자","계",277,1.1
"후두(C32)","여자","0-4세",0,-
"후두(C32)","여자","5-9세",0,-
"후두(C32)","여자","10-14세",1,0.1
"후두(C32)","여자","15-19세",0,-
"후두(C32)","여자","20-24세",1,0.1
"후두(C32)","여자","25-29세",2,0.1
"후두(C32)","여자","30-34세",1,0.1
"후두(C32)","여자","35-39세",4,0.2
"후두(C32)","여자","40-44세",5,0.3
"후두(C32)","여자","45-49세",10,0.5
"후두(C32)","여자","50-54세",14,0.6
"후두(C32)","여자","55-59세",18,0.9
"후두(C32)","여자","60-64세",45,2.1
"후두(C32)","여자","65-69세",45,2.8
"후두(C32)","여자","70-74세",45,3.9
"후두(C32)","여자","75-79세",28,3.1
"후두(C32)","여자","80-84세",30,3.9
"후두(C32)","여자","85세이상",28,4.2
